Genre,Words,Counts
western,town,1144
western,men,940
western,take,683
western,back,672
western,one,671
western,kill,636
western,man,577
western,ranch,564
western,horse,544
western,find,528
western,ride,523
western,killed,519
western,go,517
western,gang,515
western,return,502
western,two,495
western,get,489
western,gun,482
western,sheriff,478
western,tell,476
western,indian,473
western,shoot,470
western,father,470
western,brother,432
western,help,400
western,try,396
western,woman,394
western,gold,391
western,new,387
western,come,381
western,john,380
western,gene,376
western,train,368
western,friend,355
western,money,352
western,son,340
western,cattle,330
western,shot,324
western,make,321
western,way,319
western,also,312
western,later,311
western,escape,306
western,time,305
western,love,302
western,away,301
western,life,298
western,outlaw,297
western,old,293
western,wife,292
western,leave,289
western,war,281
western,see,279
western,fight,276
western,jim,273
western,give,270
western,order,265
western,saloon,265
western,dead,263
western,wagon,263
western,attack,261
western,meet,258
western,want,258
western,billy,258
western,daughter,256
western,posse,256
western,end,254
western,however,254
western,day,254
western,tom,254
western,home,251
western,run,251
western,arrives,249
western,turn,249
western,bill,249
western,army,247
western,land,245
western,decides,243
western,apache,239
western,plan,238
western,set,235
western,leaf,235
western,young,235
western,death,233
western,killing,226
western,fort,225
western,jack,224
western,wxyz,222
western,begin,219
western,three,219
western,night,218
western,offer,218
western,local,217
western,year,216
western,marshal,216
western,named,215
western,family,213
western,attempt,212
western,hand,211
western,texas,208
comedy,get,7781
comedy,find,6400
comedy,go,6087
comedy,one,5716
comedy,take,5475
comedy,tell,5055
comedy,friend,5030
comedy,back,4843
comedy,love,4762
comedy,new,4575
comedy,two,4566
comedy,father,4387
comedy,make,4042
comedy,life,3959
comedy,day,3922
comedy,home,3886
comedy,time,3830
comedy,family,3666
comedy,house,3566
comedy,also,3558
comedy,try,3459
comedy,come,3422
comedy,meet,3309
comedy,end,3289
comedy,see,3265
comedy,later,3245
comedy,man,3242
comedy,film,3230
comedy,money,3230
comedy,however,3221
comedy,help,3131
comedy,return,3121
comedy,woman,2976
comedy,mother,2921
comedy,girl,2823
comedy,wife,2816
comedy,police,2770
comedy,give,2761
comedy,show,2740
comedy,car,2686
comedy,work,2677
comedy,night,2650
comedy,want,2574
comedy,first,2543
comedy,school,2504
comedy,decides,2492
comedy,begin,2488
comedy,way,2470
comedy,next,2413
comedy,away,2367
comedy,plan,2356
comedy,attempt,2338
comedy,year,2300
comedy,run,2256
comedy,job,2252
comedy,mr,2204
comedy,fall,2198
comedy,turn,2157
comedy,daughter,2126
comedy,leaf,2096
comedy,start,2095
comedy,becomes,2080
comedy,call,2071
comedy,son,2048
comedy,another,1996
comedy,party,1984
comedy,child,1952
comedy,meanwhile,1943
comedy,leave,1913
comedy,together,1878
comedy,asks,1878
comedy,story,1877
comedy,young,1858
comedy,escape,1818
comedy,’,1809
comedy,named,1804
comedy,finally,1798
comedy,brother,1791
comedy,boy,1765
comedy,jack,1758
comedy,three,1757
comedy,soon,1750
comedy,men,1731
comedy,married,1707
comedy,eventually,1702
comedy,kill,1673
comedy,order,1662
comedy,relationship,1652
comedy,become,1650
comedy,arrives,1643
comedy,town,1628
comedy,reveals,1602
comedy,room,1596
comedy,say,1593
comedy,head,1587
comedy,like,1582
comedy,still,1569
comedy,john,1564
comedy,old,1543
comedy,set,1524
short,tom,939
short,jerry,743
short,bug,295
short,stooge,250
short,get,201
short,back,199
short,cat,196
short,head,178
short,spike,174
short,curly,174
short,mouse,159
short,run,156
short,go,155
short,try,154
short,one,147
short,house,144
short,end,141
short,moe,140
short,see,129
short,away,122
short,take,119
short,make,112
short,door,107
short,two,105
short,dog,103
short,time,100
short,chase,100
short,fall,96
short,sam,96
short,find,95
short,come,94
short,open,93
short,larry,92
short,attempt,90
short,around,89
short,father,87
short,hand,84
short,grab,82
short,man,81
short,escape,81
short,tell,79
short,onto,78
short,say,78
short,behind,77
short,daffy,75
short,boy,74
short,like,74
short,hole,72
short,start,70
short,give,70
short,film,68
short,causing,68
short,throw,68
short,turn,68
short,face,68
short,porky,68
short,tail,67
short,home,66
short,return,64
short,girl,64
short,however,64
short,look,64
short,inside,63
short,another,62
short,mr,62
short,begin,61
short,eventually,61
short,way,61
short,catch,61
short,elmer,61
short,soon,60
short,work,59
short,first,59
short,three,59
short,wolf,59
short,mammy,58
short,donald,57
short,show,56
short,quickly,56
short,help,55
short,window,55
short,put,55
short,fire,55
short,stop,55
short,hide,54
short,cartoon,54
short,us,53
short,hit,52
short,trio,52
short,pull,52
short,room,51
short,instead,51
short,rabbit,51
short,new,50
short,baby,50
short,play,49
short,order,48
short,life,48
short,ball,48
short,set,48
action,kill,3415
action,one,2711
action,police,2586
action,get,2538
action,find,2533
action,take,2409
action,father,2012
action,go,1982
action,escape,1892
action,killed,1828
action,tell,1795
action,also,1663
action,back,1651
action,help,1647
action,two,1626
action,fight,1614
action,life,1600
action,friend,1599
action,later,1529
action,love,1474
action,brother,1454
action,meet,1441
action,men,1415
action,time,1394
action,family,1385
action,come,1381
action,son,1376
action,death,1356
action,man,1329
action,however,1321
action,make,1295
action,day,1285
action,try,1274
action,return,1188
action,car,1152
action,gang,1117
action,officer,1099
action,plan,1084
action,money,1074
action,attempt,1067
action,team,1055
action,give,1045
action,new,1042
action,house,1029
action,order,1010
action,end,999
action,attack,996
action,away,987
action,year,978
action,home,970
action,daughter,961
action,killing,955
action,meanwhile,948
action,see,931
action,force,931
action,group,925
action,fall,908
action,reveals,901
action,wife,901
action,film,888
action,mother,887
action,’,885
action,way,881
action,save,876
action,want,840
action,girl,835
action,decides,825
action,shoot,808
action,people,803
action,named,781
action,arrives,780
action,city,780
action,start,774
action,first,759
action,another,758
action,begin,755
action,know,754
action,run,747
action,agent,745
action,hand,733
action,story,723
action,call,721
action,bond,716
action,set,713
action,work,709
action,head,703
action,sister,693
action,next,691
action,leave,685
action,village,681
action,murder,679
action,turn,672
action,leaf,670
action,asks,666
action,night,664
action,place,653
action,soon,645
action,local,642
action,along,641
action,gun,623
crime,police,2101
crime,get,1369
crime,kill,1363
crime,one,1342
crime,find,1328
crime,go,1251
crime,take,1215
crime,money,1107
crime,tell,1055
crime,man,993
crime,two,930
crime,car,927
crime,murder,916
crime,gang,877
crime,back,872
crime,life,840
crime,killed,817
crime,friend,801
crime,later,792
crime,home,773
crime,wife,729
crime,house,726
crime,men,714
crime,also,712
crime,new,706
crime,death,687
crime,father,686
crime,escape,681
crime,try,661
crime,help,660
crime,return,655
crime,time,655
crime,make,645
crime,shoot,643
crime,meet,639
crime,gun,629
crime,however,625
crime,day,607
crime,crime,606
crime,brother,598
crime,plan,595
crime,give,591
crime,family,582
crime,come,581
crime,away,551
crime,son,539
crime,see,535
crime,woman,529
crime,attempt,526
crime,officer,523
crime,prison,521
crime,turn,519
crime,end,518
crime,film,517
crime,another,516
crime,call,515
crime,case,509
crime,drug,509
crime,year,508
crime,night,490
crime,work,487
crime,dead,481
crime,begin,481
crime,criminal,479
crime,daughter,472
crime,run,470
crime,detective,457
crime,asks,456
crime,young,455
crime,love,452
crime,want,451
crime,order,450
crime,bank,436
crime,becomes,434
crime,decides,426
crime,shot,425
crime,frank,425
crime,killing,424
crime,next,421
crime,way,419
crime,leave,419
crime,’,417
crime,leaf,412
crime,john,404
crime,joe,402
crime,job,399
crime,reveals,395
crime,gangster,392
crime,body,384
crime,robbery,383
crime,visit,379
crime,first,374
crime,member,374
crime,know,372
crime,set,371
crime,soon,369
crime,arrives,369
crime,named,368
crime,found,366
crime,jack,366
biography,wxyz,660
biography,one,453
biography,film,421
biography,new,402
biography,life,378
biography,later,351
biography,go,342
biography,time,333
biography,take,316
biography,begin,314
biography,return,303
biography,tell,301
biography,family,300
biography,get,288
biography,becomes,288
biography,home,287
biography,year,285
biography,day,281
biography,find,277
biography,friend,273
biography,first,266
biography,father,259
biography,make,253
biography,work,250
biography,two,248
biography,back,248
biography,show,247
biography,meet,239
biography,also,230
biography,man,226
biography,end,220
biography,wife,214
biography,mother,211
biography,child,206
biography,however,203
biography,story,197
biography,young,192
biography,see,190
biography,come,188
biography,eventually,187
biography,death,184
biography,war,183
biography,love,176
biography,help,175
biography,state,173
biography,become,172
biography,brother,172
biography,son,169
biography,night,161
biography,start,160
biography,team,160
biography,soon,158
biography,men,156
biography,give,156
biography,game,155
biography,want,152
biography,leaf,149
biography,house,149
biography,york,144
biography,visit,143
biography,world,142
biography,finally,141
biography,decides,141
biography,refuse,137
biography,next,136
biography,play,136
biography,try,135
biography,school,135
biography,kill,132
biography,another,132
biography,order,131
biography,job,131
biography,woman,129
biography,john,128
biography,leave,128
biography,fight,126
biography,money,126
biography,people,126
biography,despite,124
biography,would,124
biography,daughter,123
biography,scene,122
biography,attempt,122
biography,asks,121
biography,away,120
biography,prison,120
biography,way,119
biography,police,118
biography,win,116
biography,several,115
biography,including,115
biography,set,114
biography,relationship,114
biography,run,113
biography,city,112
biography,billy,112
biography,lead,111
biography,american,111
biography,say,106
biography,even,106
drama,one,7778
drama,go,7495
drama,find,7244
drama,life,7172
drama,get,7063
drama,father,7046
drama,take,6954
drama,tell,6873
drama,love,6435
drama,family,5925
drama,friend,5828
drama,home,5622
drama,back,5467
drama,day,5232
drama,mother,5223
drama,two,5178
drama,return,4960
drama,time,4952
drama,man,4827
drama,new,4816
drama,son,4694
drama,later,4652
drama,come,4610
drama,also,4554
drama,wife,4486
drama,film,4409
drama,meet,4404
drama,make,4368
drama,house,4218
drama,see,4189
drama,police,3925
drama,year,3822
drama,try,3817
drama,help,3721
drama,young,3694
drama,woman,3684
drama,however,3643
drama,child,3613
drama,daughter,3604
drama,money,3556
drama,end,3509
drama,work,3434
drama,away,3412
drama,begin,3359
drama,give,3342
drama,becomes,3192
drama,night,3142
drama,death,3112
drama,first,3104
drama,brother,3081
drama,girl,3039
drama,school,3002
drama,want,2977
drama,leaf,2965
drama,asks,2952
drama,kill,2944
drama,story,2865
drama,decides,2829
drama,leave,2751
drama,way,2695
drama,fall,2693
drama,car,2685
drama,husband,2644
drama,run,2614
drama,another,2548
drama,next,2539
drama,start,2530
drama,wxyz,2516
drama,killed,2496
drama,men,2479
drama,boy,2414
drama,attempt,2400
drama,john,2394
drama,relationship,2375
drama,soon,2374
drama,turn,2367
drama,job,2341
drama,show,2317
drama,’,2227
drama,call,2198
drama,eventually,2197
drama,order,2166
drama,sister,2163
drama,together,2142
drama,plan,2141
drama,visit,2131
drama,marriage,2130
drama,refuse,2123
drama,know,2118
drama,married,2109
drama,become,2100
drama,finally,2083
drama,say,2066
drama,would,1973
drama,marry,1971
drama,set,1970
drama,fight,1967
drama,town,1962
drama,old,1960
drama,escape,1939
adventure,find,860
adventure,take,782
adventure,one,761
adventure,back,676
adventure,return,618
adventure,escape,609
adventure,father,604
adventure,kill,570
adventure,two,569
adventure,help,562
adventure,ship,560
adventure,tell,545
adventure,men,537
adventure,go,535
adventure,get,500
adventure,king,486
adventure,island,452
adventure,life,430
adventure,however,421
adventure,friend,414
adventure,time,409
adventure,captain,408
adventure,new,406
adventure,killed,398
adventure,also,397
adventure,group,396
adventure,make,395
adventure,man,391
adventure,later,390
adventure,attack,383
adventure,love,382
adventure,fight,380
adventure,day,377
adventure,try,372
adventure,away,370
adventure,order,358
adventure,son,343
adventure,give,333
adventure,come,332
adventure,death,332
adventure,rescue,332
adventure,meet,329
adventure,john,325
adventure,first,321
adventure,attempt,319
adventure,home,317
adventure,jack,314
adventure,fall,313
adventure,plan,313
adventure,see,304
adventure,way,302
adventure,family,300
adventure,year,298
adventure,set,290
adventure,tarzan,284
adventure,crew,282
adventure,city,274
adventure,save,273
adventure,leave,269
adventure,force,269
adventure,arrives,263
adventure,night,260
adventure,named,259
adventure,brother,259
adventure,begin,258
adventure,next,256
adventure,three,254
adventure,film,250
adventure,meanwhile,246
adventure,boy,246
adventure,child,245
adventure,wxyz,243
adventure,end,243
adventure,battle,242
adventure,mother,241
adventure,woman,237
adventure,pirate,237
adventure,reveals,235
adventure,jim,234
adventure,daughter,233
adventure,becomes,232
adventure,young,232
adventure,decides,230
adventure,eventually,230
adventure,captured,227
adventure,another,225
adventure,army,224
adventure,war,224
adventure,lead,223
adventure,run,222
adventure,wife,219
adventure,soldier,213
adventure,want,212
adventure,turn,212
adventure,discovers,212
adventure,killing,212
adventure,join,212
adventure,head,212
adventure,native,210
adventure,girl,209
fantasy,find,798
fantasy,one,715
fantasy,back,598
fantasy,take,584
fantasy,tell,564
fantasy,father,540
fantasy,return,532
fantasy,kill,528
fantasy,king,501
fantasy,life,501
fantasy,time,487
fantasy,two,447
fantasy,home,441
fantasy,help,437
fantasy,love,431
fantasy,go,426
fantasy,later,411
fantasy,get,389
fantasy,see,380
fantasy,escape,377
fantasy,day,375
fantasy,year,360
fantasy,death,359
fantasy,also,359
fantasy,however,357
fantasy,child,357
fantasy,make,355
fantasy,give,353
fantasy,friend,345
fantasy,power,343
fantasy,meet,341
fantasy,away,338
fantasy,fight,333
fantasy,try,329
fantasy,mother,328
fantasy,dragon,315
fantasy,come,312
fantasy,world,303
fantasy,human,301
fantasy,family,297
fantasy,attempt,297
fantasy,attack,296
fantasy,harry,296
fantasy,begin,295
fantasy,demon,290
fantasy,named,289
fantasy,fall,287
fantasy,night,286
fantasy,new,284
fantasy,house,283
fantasy,man,280
fantasy,way,271
fantasy,order,268
fantasy,magic,268
fantasy,save,265
fantasy,reveals,264
fantasy,killed,261
fantasy,son,259
fantasy,girl,258
fantasy,group,258
fantasy,turn,253
fantasy,arrives,250
fantasy,first,247
fantasy,end,239
fantasy,next,238
fantasy,jack,234
fantasy,boy,229
fantasy,body,225
fantasy,city,220
fantasy,leave,219
fantasy,set,219
fantasy,meanwhile,217
fantasy,witch,211
fantasy,wukong,209
fantasy,us,208
fantasy,battle,207
fantasy,story,207
fantasy,becomes,206
fantasy,brother,205
fantasy,white,204
fantasy,mr,203
fantasy,school,203
fantasy,woman,202
fantasy,asks,201
fantasy,show,201
fantasy,queen,201
fantasy,castle,200
fantasy,young,198
fantasy,leaf,198
fantasy,three,195
fantasy,daughter,194
fantasy,people,193
fantasy,another,192
fantasy,discovers,190
fantasy,plan,189
fantasy,run,189
fantasy,decides,187
fantasy,place,182
fantasy,peter,182
fantasy,army,182
sports,team,349
sports,game,243
sports,win,148
sports,player,146
sports,father,143
sports,play,125
sports,school,125
sports,get,123
sports,rei,118
sports,match,108
sports,new,105
sports,coach,102
sports,go,101
sports,take,93
sports,one,92
sports,make,87
sports,first,86
sports,back,85
sports,wxyz,71
sports,fight,71
sports,football,70
sports,two,69
sports,begin,69
sports,friend,69
sports,tell,69
sports,come,67
sports,time,67
sports,family,63
sports,year,62
sports,final,60
sports,day,58
sports,later,58
sports,life,57
sports,return,57
sports,however,54
sports,tournament,54
sports,help,53
sports,end,53
sports,want,53
sports,also,53
sports,see,53
sports,meet,53
sports,world,52
sports,film,51
sports,home,51
sports,–,51
sports,high,50
sports,college,49
sports,give,49
sports,championship,49
sports,race,48
sports,start,48
sports,playing,48
sports,run,46
sports,joe,46
sports,becomes,45
sports,club,44
sports,find,44
sports,state,43
sports,woman,43
sports,try,43
sports,mother,43
sports,training,43
sports,love,42
sports,join,41
sports,league,41
sports,season,41
sports,boxing,40
sports,next,40
sports,son,40
sports,manager,39
sports,show,39
sports,well,39
sports,young,38
sports,finally,38
sports,sister,38
sports,student,37
sports,wife,37
sports,winning,37
sports,turn,37
sports,england,37
sports,cricket,37
sports,hit,36
sports,alex,36
sports,shot,36
sports,due,36
sports,shōgi,36
sports,head,35
sports,baseball,34
sports,town,34
sports,decides,34
sports,last,34
sports,would,34
sports,artyom,34
sports,star,33
sports,offer,33
sports,lose,33
sports,relationship,33
sports,sport,33
sports,professional,33
horror,find,2880
horror,house,2347
horror,kill,2079
horror,one,1982
horror,go,1861
horror,back,1607
horror,tell,1569
horror,take,1556
horror,body,1555
horror,death,1471
horror,get,1333
horror,later,1309
horror,killed,1288
horror,night,1286
horror,see,1278
horror,try,1260
horror,room,1238
horror,two,1230
horror,home,1201
horror,escape,1165
horror,man,1164
horror,father,1160
horror,begin,1143
horror,friend,1140
horror,car,1090
horror,return,1075
horror,mother,1038
horror,family,1002
horror,police,993
horror,attack,987
horror,day,976
horror,help,967
horror,dr,953
horror,attempt,953
horror,also,943
horror,dead,937
horror,woman,926
horror,girl,920
horror,away,916
horror,come,896
horror,next,895
horror,group,882
horror,time,878
horror,run,870
horror,child,863
horror,film,851
horror,life,838
horror,head,821
horror,vampire,811
horror,make,795
horror,killing,779
horror,ghost,772
horror,however,763
horror,new,751
horror,wife,719
horror,murder,718
horror,year,704
horror,call,701
horror,leave,699
horror,way,695
horror,young,693
horror,daughter,683
horror,leaf,679
horror,blood,666
horror,turn,663
horror,discovers,659
horror,another,657
horror,inside,652
horror,arrives,649
horror,fall,647
horror,hand,631
horror,meanwhile,626
horror,door,620
horror,appears,601
horror,son,600
horror,michael,600
horror,meet,595
horror,old,593
horror,creature,592
horror,reveals,592
horror,first,591
horror,named,587
horror,soon,585
horror,start,584
horror,end,578
horror,hospital,575
horror,town,567
horror,mr,566
horror,spirit,558
horror,shoot,558
horror,break,552
horror,john,551
horror,david,551
horror,becomes,548
horror,three,545
horror,give,544
horror,stop,543
horror,show,542
horror,school,540
horror,say,538
historical,king,285
historical,one,246
historical,wxyz,235
historical,take,214
historical,father,204
historical,love,203
historical,army,182
historical,return,181
historical,film,180
historical,son,180
historical,later,180
historical,go,176
historical,life,175
historical,find,165
historical,family,164
historical,time,163
historical,wife,160
historical,cao,156
historical,back,153
historical,woman,149
historical,get,149
historical,kill,149
historical,however,146
historical,new,146
historical,death,146
historical,war,145
historical,two,145
historical,battle,144
historical,tell,142
historical,prince,139
historical,year,139
historical,day,139
historical,make,138
historical,young,137
historical,emperor,137
historical,order,136
historical,also,132
historical,british,125
historical,come,125
historical,meet,124
historical,killed,123
historical,men,121
historical,story,117
historical,first,115
historical,soldier,113
historical,end,110
historical,man,110
historical,brother,109
historical,give,109
historical,friend,109
historical,daughter,109
historical,help,108
historical,force,108
historical,attack,105
historical,fall,104
historical,try,102
historical,elizabeth,102
historical,see,101
historical,fight,100
historical,child,99
historical,mother,98
historical,set,98
historical,begin,97
historical,people,96
historical,kingdom,96
historical,village,95
historical,escape,94
historical,night,93
historical,away,92
historical,de,92
historical,attempt,91
historical,becomes,90
historical,asks,90
historical,refuse,89
historical,marry,88
historical,home,88
historical,plan,88
historical,marriage,88
historical,city,88
historical,meanwhile,86
historical,mary,86
historical,general,85
historical,decides,85
historical,another,84
historical,house,82
historical,leaf,81
historical,lord,79
historical,way,78
historical,’,76
historical,court,76
historical,leave,75
historical,japanese,75
historical,soon,74
historical,girl,74
historical,would,73
historical,dy,72
historical,become,71
historical,dead,70
historical,empress,70
historical,john,69
documentary,film,227
documentary,life,93
documentary,show,93
documentary,one,92
documentary,family,88
documentary,time,78
documentary,take,76
documentary,new,71
documentary,find,69
documentary,wxyz,66
documentary,band,64
documentary,go,63
documentary,two,61
documentary,also,60
documentary,get,60
documentary,year,56
documentary,mother,56
documentary,documentary,54
documentary,’,52
documentary,work,50
documentary,madonna,50
documentary,girl,49
documentary,people,48
documentary,first,48
documentary,many,47
documentary,day,46
documentary,begin,45
documentary,end,44
documentary,music,41
documentary,group,41
documentary,home,40
documentary,world,39
documentary,see,38
documentary,state,38
documentary,however,38
documentary,child,37
documentary,friend,36
documentary,song,36
documentary,back,36
documentary,later,35
documentary,three,35
documentary,interview,35
documentary,crew,35
documentary,father,34
documentary,tour,34
documentary,footage,33
documentary,scene,33
documentary,return,33
documentary,part,33
documentary,would,33
documentary,play,33
documentary,school,33
documentary,clark,33
documentary,death,32
documentary,cub,32
documentary,audience,31
documentary,camera,31
documentary,try,31
documentary,well,31
documentary,make,31
documentary,story,31
documentary,trip,31
documentary,another,30
documentary,come,30
documentary,together,29
documentary,tell,29
documentary,way,29
documentary,man,28
documentary,even,28
documentary,room,28
documentary,around,28
documentary,furnier,28
documentary,member,27
documentary,like,27
documentary,–,27
documentary,conner,27
documentary,alice,27
documentary,away,26
documentary,american,26
documentary,made,26
documentary,attack,26
documentary,including,26
documentary,deaf,26
documentary,still,26
documentary,eventually,26
documentary,brother,26
documentary,borat,26
documentary,follows,25
documentary,shot,25
documentary,set,25
documentary,playing,25
documentary,help,25
documentary,become,25
documentary,focus,25
documentary,woman,25
documentary,look,25
documentary,event,24
documentary,becomes,24
documentary,movie,24
documentary,hearing,24
serial,agent,35
serial,gang,26
serial,secret,26
serial,captain,26
serial,find,25
serial,dr,25
serial,one,25
serial,power,21
serial,order,20
serial,take,19
serial,war,19
serial,black,19
serial,island,18
serial,attempt,18
serial,earth,18
serial,plan,17
serial,plot,16
serial,however,16
serial,death,15
serial,force,15
serial,attack,15
serial,device,15
serial,new,15
serial,scorpion,15
serial,henchman,14
serial,mysterious,14
serial,man,14
serial,killed,14
serial,brother,14
serial,help,14
serial,scientist,14
serial,billy,14
serial,u,14
serial,villain,14
serial,nazi,13
serial,used,13
serial,father,13
serial,indian,13
serial,friend,13
serial,identity,13
serial,africa,13
serial,also,13
serial,american,13
serial,sheila,13
serial,spy,12
serial,use,12
serial,steal,12
serial,king,12
serial,leader,12
serial,back,12
serial,city,12
serial,government,12
serial,local,11
serial,escape,11
serial,stop,11
serial,using,11
serial,doctor,11
serial,professor,11
serial,expedition,11
serial,led,11
serial,member,11
serial,foster,11
serial,martian,11
serial,rocket,11
serial,go,10
serial,jim,10
serial,serial,10
serial,newspaper,10
serial,jeff,10
serial,control,10
serial,defeat,10
serial,murder,10
serial,world,10
serial,america,10
serial,bob,10
serial,known,10
serial,criminal,10
serial,ship,10
serial,ray,10
serial,jack,10
serial,get,10
serial,united,10
serial,flying,10
serial,purple,10
serial,henry,9
serial,men,9
serial,sent,9
serial,investigate,9
serial,gold,9
serial,end,9
serial,enemy,9
serial,discover,9
serial,first,9
serial,battle,9
serial,lost,9
serial,discovers,9
serial,hero,9
serial,marvel,9
serial,group,9
serial,set,9
mystery,find,473
mystery,police,439
mystery,one,391
mystery,murder,382
mystery,tell,282
mystery,take,275
mystery,go,272
mystery,man,267
mystery,death,265
mystery,house,258
mystery,also,253
mystery,friend,243
mystery,holmes,240
mystery,killed,231
mystery,get,229
mystery,dead,213
mystery,two,211
mystery,later,207
mystery,found,203
mystery,back,200
mystery,woman,199
mystery,room,197
mystery,night,196
mystery,help,194
mystery,mr,193
mystery,body,189
mystery,suspect,187
mystery,wife,185
mystery,day,182
mystery,time,181
mystery,kill,180
mystery,new,179
mystery,car,178
mystery,home,176
mystery,however,172
mystery,return,169
mystery,see,166
mystery,killer,163
mystery,turn,159
mystery,try,158
mystery,next,158
mystery,chan,157
mystery,case,154
mystery,life,152
mystery,family,152
mystery,meet,150
mystery,murdered,147
mystery,escape,142
mystery,detective,139
mystery,father,138
mystery,come,137
mystery,daughter,136
mystery,miss,134
mystery,another,132
mystery,attempt,132
mystery,make,131
mystery,give,130
mystery,film,129
mystery,reveals,129
mystery,away,129
mystery,tom,127
mystery,year,126
mystery,discovers,125
mystery,love,124
mystery,husband,124
mystery,watson,123
mystery,crime,123
mystery,asks,122
mystery,begin,122
mystery,call,121
mystery,money,120
mystery,arrives,118
mystery,dr,115
mystery,plan,113
mystery,sir,112
mystery,know,112
mystery,john,111
mystery,wxyz,110
mystery,visit,109
mystery,inspector,108
mystery,set,106
mystery,suicide,105
mystery,story,105
mystery,becomes,104
mystery,soon,103
mystery,martin,103
mystery,secret,102
mystery,shot,102
mystery,murderer,101
mystery,leaf,100
mystery,way,100
mystery,first,99
mystery,men,98
mystery,end,98
mystery,mansion,97
mystery,left,96
mystery,brother,95
mystery,old,95
mystery,scene,94
mystery,letter,93
romance,love,3748
romance,get,2318
romance,father,2032
romance,go,1896
romance,friend,1869
romance,life,1729
romance,tell,1720
romance,find,1629
romance,one,1610
romance,meet,1593
romance,day,1506
romance,family,1505
romance,take,1449
romance,come,1445
romance,time,1255
romance,back,1227
romance,mother,1155
romance,fall,1109
romance,also,1098
romance,two,1081
romance,see,1067
romance,make,1051
romance,girl,1028
romance,later,1011
romance,home,999
romance,marriage,972
romance,house,956
romance,try,952
romance,story,925
romance,married,911
romance,return,885
romance,man,883
romance,however,872
romance,son,858
romance,start,838
romance,year,838
romance,want,838
romance,end,836
romance,’,836
romance,daughter,834
romance,marry,834
romance,film,784
romance,help,782
romance,asks,770
romance,decides,755
romance,new,747
romance,away,744
romance,know,741
romance,raj,713
romance,give,696
romance,parent,695
romance,leaf,676
romance,relationship,670
romance,woman,657
romance,work,647
romance,money,646
romance,police,644
romance,brother,637
romance,wife,633
romance,way,625
romance,first,620
romance,together,618
romance,kill,617
romance,leave,612
romance,night,610
romance,young,604
romance,begin,583
romance,next,575
romance,soon,569
romance,becomes,566
romance,wedding,564
romance,finally,555
romance,sister,535
romance,another,528
romance,rahul,523
romance,village,522
romance,run,522
romance,turn,514
romance,plan,514
romance,would,512
romance,call,511
romance,meanwhile,509
romance,child,489
romance,feeling,477
romance,college,474
romance,say,471
romance,like,469
romance,become,464
romance,job,457
romance,still,449
romance,husband,448
romance,school,442
romance,death,436
romance,show,431
romance,even,430
romance,place,420
romance,never,420
romance,hospital,418
romance,car,417
romance,eventually,414
war,german,1025
war,war,810
war,soldier,670
war,men,662
war,one,594
war,japanese,592
war,american,552
war,officer,537
war,back,493
war,take,489
war,attack,486
war,two,460
war,army,442
war,killed,441
war,order,437
war,british,437
war,return,421
war,find,414
war,force,409
war,wxyz,402
war,captain,396
war,mission,389
war,go,374
war,escape,340
war,later,334
war,enemy,333
war,group,324
war,tell,320
war,day,319
war,first,313
war,get,307
war,make,303
war,however,300
war,camp,297
war,film,289
war,new,288
war,friend,287
war,aircraft,280
war,crew,279
war,ship,276
war,time,275
war,u,274
war,also,272
war,pilot,270
war,general,269
war,commander,268
war,battle,264
war,major,262
war,kill,260
war,shot,257
war,wounded,251
war,fire,250
war,lieutenant,250
war,life,249
war,home,241
war,air,240
war,colonel,239
war,sergeant,238
war,attempt,237
war,world,236
war,prisoner,234
war,begin,232
war,three,230
war,try,229
war,see,228
war,come,227
war,man,225
war,unit,225
war,command,224
war,end,221
war,troop,215
war,young,212
war,help,208
war,family,208
war,base,208
war,father,204
war,way,204
war,another,199
war,away,197
war,line,196
war,wife,196
war,soon,195
war,meet,194
war,love,194
war,next,193
war,plan,193
war,night,193
war,leave,187
war,gun,186
war,bomb,185
war,son,185
war,sent,184
war,death,184
war,marine,184
war,john,183
war,give,180
war,train,178
war,von,176
war,state,175
war,military,175
spy,bond,578
spy,agent,244
spy,escape,155
spy,kill,148
spy,one,135
spy,killed,120
spy,find,114
spy,meet,112
spy,go,112
spy,british,107
spy,back,100
spy,take,99
spy,plan,93
spy,however,92
spy,tell,90
spy,time,87
spy,two,85
spy,new,85
spy,war,82
spy,later,81
spy,attempt,81
spy,david,81
spy,german,79
spy,also,79
spy,car,77
spy,mission,74
spy,spy,71
spy,reveals,69
spy,return,69
spy,power,68
spy,world,67
spy,make,67
spy,get,66
spy,order,66
spy,shirou,66
spy,man,63
spy,attack,63
spy,secret,62
spy,death,60
spy,soviet,60
spy,try,60
spy,bomb,60
spy,men,59
spy,force,59
spy,give,57
spy,using,57
spy,see,56
spy,help,56
spy,captured,55
spy,away,54
spy,american,53
spy,intelligence,53
spy,head,51
spy,day,51
spy,flint,51
spy,room,49
spy,team,49
spy,palmer,49
spy,information,48
spy,first,48
spy,assassin,48
spy,mi,48
spy,sent,47
spy,london,47
spy,arrives,47
spy,dr,46
spy,quiller,46
spy,police,45
spy,home,44
spy,love,44
spy,discovers,44
spy,film,43
spy,friend,43
spy,fight,43
spy,named,43
spy,group,42
spy,year,42
spy,control,42
spy,base,42
spy,battle,42
spy,u,41
spy,woman,41
spy,shoot,41
spy,city,41
spy,hotel,41
spy,use,41
spy,cia,41
spy,meanwhile,40
spy,train,40
spy,way,40
spy,james,40
spy,life,39
spy,ship,39
spy,along,39
spy,travel,39
spy,end,38
spy,learns,38
spy,turn,38
spy,us,38
spy,taken,38
animated,tom,2538
animated,jerry,1850
animated,bug,1453
animated,back,1245
animated,find,1124
animated,take,981
animated,get,939
animated,one,912
animated,go,825
animated,try,803
animated,return,783
animated,escape,768
animated,time,717
animated,two,710
animated,tell,689
animated,make,666
animated,see,665
animated,help,656
animated,cat,648
animated,new,643
animated,however,642
animated,away,641
animated,friend,609
animated,fall,592
animated,run,585
animated,attempt,575
animated,home,563
animated,end,540
animated,house,538
animated,give,532
animated,head,511
animated,life,510
animated,come,500
animated,later,489
animated,day,487
animated,named,473
animated,chase,452
animated,mouse,452
animated,father,448
animated,begin,443
animated,way,438
animated,spike,436
animated,fight,426
animated,power,426
animated,meet,424
animated,dog,414
animated,kill,408
animated,king,408
animated,world,405
animated,city,403
animated,attack,399
animated,first,395
animated,plan,390
animated,next,388
animated,family,384
animated,meanwhile,382
animated,human,380
animated,turn,375
animated,also,371
animated,causing,370
animated,stop,364
animated,mother,362
animated,order,361
animated,sam,360
animated,reveals,355
animated,love,350
animated,group,350
animated,rabbit,348
animated,decides,348
animated,soon,343
animated,save,339
animated,us,335
animated,year,333
animated,start,329
animated,man,328
animated,animal,326
animated,ship,325
animated,mr,325
animated,using,323
animated,arrives,322
animated,bear,322
animated,like,321
animated,night,320
animated,around,316
animated,hand,316
animated,another,315
animated,finally,315
animated,show,310
animated,leave,309
animated,daffy,308
animated,boy,307
animated,three,306
animated,open,301
animated,rescue,300
animated,leaf,299
animated,say,299
animated,eventually,294
animated,door,293
animated,behind,290
animated,still,290
family,get,822
family,find,787
family,father,754
family,family,747
family,go,682
family,take,655
family,one,639
family,home,612
family,tell,605
family,back,599
family,life,542
family,friend,531
family,day,516
family,love,509
family,return,502
family,mother,497
family,come,496
family,child,454
family,time,448
family,two,446
family,house,438
family,help,437
family,son,434
family,make,417
family,meet,386
family,try,384
family,give,378
family,new,375
family,also,374
family,however,364
family,see,357
family,away,357
family,later,356
family,mr,350
family,boy,338
family,dog,338
family,daughter,330
family,end,329
family,school,324
family,named,322
family,escape,291
family,fall,290
family,brother,283
family,girl,281
family,next,278
family,year,277
family,wife,276
family,decides,269
family,man,268
family,first,264
family,money,264
family,way,261
family,run,260
family,parent,253
family,want,251
family,meanwhile,244
family,start,240
family,soon,240
family,night,239
family,police,238
family,show,236
family,becomes,235
family,work,226
family,asks,225
family,begin,218
family,story,217
family,young,217
family,save,217
family,attempt,216
family,film,216
family,leaf,210
family,old,207
family,finally,205
family,plan,202
family,eventually,201
family,leave,198
family,turn,196
family,animal,196
family,sister,195
family,team,195
family,dr,192
family,car,190
family,set,190
family,married,189
family,kill,188
family,three,184
family,discovers,183
family,fight,183
family,order,183
family,game,183
family,harry,182
family,marriage,181
family,place,180
family,death,177
family,’,177
family,still,175
family,job,173
family,break,172
family,together,170
family,call,170
thriller,find,2582
thriller,police,2245
thriller,one,2114
thriller,kill,2023
thriller,go,1978
thriller,get,1960
thriller,tell,1889
thriller,take,1841
thriller,house,1543
thriller,man,1477
thriller,later,1428
thriller,back,1417
thriller,two,1381
thriller,car,1346
thriller,life,1308
thriller,friend,1293
thriller,also,1289
thriller,day,1284
thriller,father,1245
thriller,killed,1233
thriller,home,1218
thriller,try,1216
thriller,death,1170
thriller,time,1132
thriller,meet,1124
thriller,come,1123
thriller,wife,1106
thriller,murder,1082
thriller,see,1076
thriller,make,1042
thriller,help,1039
thriller,call,1031
thriller,escape,1017
thriller,return,1001
thriller,money,983
thriller,woman,921
thriller,family,914
thriller,however,897
thriller,away,889
thriller,love,887
thriller,attempt,884
thriller,new,850
thriller,night,849
thriller,next,840
thriller,begin,836
thriller,room,819
thriller,body,819
thriller,mother,808
thriller,daughter,793
thriller,asks,787
thriller,give,763
thriller,shoot,761
thriller,men,757
thriller,girl,757
thriller,reveals,745
thriller,film,743
thriller,dead,742
thriller,another,734
thriller,story,721
thriller,plan,716
thriller,son,708
thriller,end,695
thriller,year,693
thriller,leaf,687
thriller,way,682
thriller,know,682
thriller,start,680
thriller,killing,675
thriller,leave,663
thriller,run,660
thriller,work,648
thriller,fall,634
thriller,officer,622
thriller,say,615
thriller,phone,614
thriller,attack,611
thriller,turn,610
thriller,killer,604
thriller,young,604
thriller,child,601
thriller,soon,596
thriller,meanwhile,596
thriller,first,594
thriller,order,588
thriller,hospital,575
thriller,arrives,570
thriller,brother,570
thriller,place,569
thriller,would,566
thriller,want,563
thriller,gun,562
thriller,decides,560
thriller,head,557
thriller,people,550
thriller,john,550
thriller,discovers,544
thriller,apartment,544
thriller,named,541
thriller,becomes,539
thriller,case,537
musical,love,982
musical,show,836
musical,get,811
musical,tell,759
musical,go,751
musical,new,730
musical,take,700
musical,find,694
musical,one,674
musical,back,585
musical,father,579
musical,friend,529
musical,meet,498
musical,return,497
musical,day,482
musical,see,482
musical,make,477
musical,girl,475
musical,also,460
musical,time,454
musical,life,453
musical,song,447
musical,try,443
musical,come,436
musical,two,436
musical,band,435
musical,home,410
musical,however,406
musical,give,402
musical,night,391
musical,film,384
musical,later,378
musical,money,372
musical,family,372
musical,mother,360
musical,end,356
musical,fall,352
musical,want,352
musical,help,345
musical,music,341
musical,man,340
musical,mr,339
musical,play,333
musical,woman,333
musical,marry,328
musical,leaf,320
musical,dance,318
musical,first,313
musical,away,313
musical,becomes,308
musical,next,306
musical,daughter,304
musical,singer,289
musical,begin,286
musical,year,285
musical,run,284
musical,way,282
musical,asks,281
musical,together,277
musical,sister,275
musical,leave,274
musical,young,272
musical,house,272
musical,wife,272
musical,school,266
musical,arrives,264
musical,work,264
musical,meanwhile,262
musical,york,260
musical,club,254
musical,star,253
musical,plan,253
musical,stage,251
musical,singing,251
musical,become,248
musical,son,248
musical,town,246
musical,group,246
musical,decides,245
musical,sing,239
musical,start,234
musical,soon,233
musical,offer,229
musical,attempt,228
musical,turn,228
musical,job,227
musical,performance,225
musical,child,223
musical,party,220
musical,boy,220
musical,eventually,218
musical,city,216
musical,joe,215
musical,finally,214
musical,say,210
musical,police,209
musical,another,209
musical,’,208
musical,story,205
musical,married,204
sci_fi,find,1298
sci_fi,one,1161
sci_fi,alien,1063
sci_fi,kill,1033
sci_fi,earth,949
sci_fi,take,914
sci_fi,back,901
sci_fi,escape,881
sci_fi,ship,857
sci_fi,time,846
sci_fi,dr,840
sci_fi,two,783
sci_fi,return,764
sci_fi,human,763
sci_fi,go,697
sci_fi,later,671
sci_fi,new,654
sci_fi,wxyz,603
sci_fi,help,600
sci_fi,group,597
sci_fi,tell,595
sci_fi,world,594
sci_fi,also,581
sci_fi,attack,578
sci_fi,life,576
sci_fi,killed,574
sci_fi,death,565
sci_fi,year,558
sci_fi,creature,550
sci_fi,body,542
sci_fi,attempt,540
sci_fi,begin,521
sci_fi,however,515
sci_fi,get,515
sci_fi,make,511
sci_fi,planet,509
sci_fi,city,504
sci_fi,try,501
sci_fi,crew,493
sci_fi,man,486
sci_fi,force,484
sci_fi,police,483
sci_fi,plan,478
sci_fi,home,475
sci_fi,order,474
sci_fi,see,467
sci_fi,power,465
sci_fi,father,448
sci_fi,space,427
sci_fi,another,426
sci_fi,scientist,424
sci_fi,day,423
sci_fi,friend,418
sci_fi,first,407
sci_fi,away,404
sci_fi,using,403
sci_fi,team,401
sci_fi,reveals,397
sci_fi,people,388
sci_fi,discovers,388
sci_fi,control,388
sci_fi,killing,386
sci_fi,come,386
sci_fi,robot,386
sci_fi,way,378
sci_fi,use,369
sci_fi,meet,364
sci_fi,named,360
sci_fi,head,356
sci_fi,fight,355
sci_fi,child,348
sci_fi,meanwhile,347
sci_fi,john,345
sci_fi,next,341
sci_fi,arrives,339
sci_fi,men,339
sci_fi,machine,334
sci_fi,car,332
sci_fi,leave,331
sci_fi,house,329
sci_fi,dead,327
sci_fi,give,327
sci_fi,woman,326
sci_fi,three,325
sci_fi,night,325
sci_fi,discover,325
sci_fi,david,321
sci_fi,us,320
sci_fi,room,315
sci_fi,end,315
sci_fi,work,311
sci_fi,fire,308
sci_fi,soon,303
sci_fi,stop,303
sci_fi,eventually,302
sci_fi,inside,300
sci_fi,turn,298
sci_fi,monster,296
sci_fi,save,292
sci_fi,film,291
noir,police,472
noir,go,355
noir,find,315
noir,get,310
noir,man,304
noir,tell,293
noir,take,262
noir,one,260
noir,wife,240
noir,murder,236
noir,try,230
noir,money,213
noir,johnny,203
noir,kill,200
noir,back,192
noir,two,183
noir,frank,179
noir,joe,174
noir,car,173
noir,killed,170
noir,love,165
noir,see,162
noir,make,159
noir,meet,159
noir,new,159
noir,husband,152
noir,however,152
noir,death,152
noir,woman,151
noir,return,150
noir,away,149
noir,later,149
noir,home,145
noir,friend,144
noir,time,143
noir,dead,141
noir,gun,141
noir,also,140
noir,life,137
noir,help,136
noir,house,135
noir,shoot,132
noir,escape,128
noir,apartment,125
noir,nick,121
noir,marlowe,120
noir,night,119
noir,come,119
noir,attempt,119
noir,turn,119
noir,crime,119
noir,work,115
noir,young,115
noir,father,112
noir,give,109
noir,begin,109
noir,end,109
noir,run,108
noir,plan,107
noir,shot,106
noir,leaf,105
noir,want,105
noir,call,105
noir,know,103
noir,found,103
noir,men,103
noir,first,102
noir,asks,102
noir,leave,102
noir,story,101
noir,show,101
noir,day,101
noir,room,100
noir,john,100
noir,town,98
noir,suspect,98
noir,another,98
noir,harry,98
noir,eddie,98
noir,becomes,97
noir,mary,96
noir,mr,95
noir,year,95
noir,fall,95
noir,job,95
noir,prison,94
noir,george,93
noir,body,93
noir,killing,92
noir,refuse,90
noir,city,90
noir,learns,89
noir,train,88
noir,helen,88
noir,bill,88
noir,film,87
noir,ann,87
noir,hotel,86
noir,detective,86
noir,case,86
martial_arts,fight,239
martial_arts,ip,203
martial_arts,kill,198
martial_arts,master,197
martial_arts,one,162
martial_arts,chen,148
martial_arts,martial,144
martial_arts,father,143
martial_arts,find,124
martial_arts,wong,120
martial_arts,man,118
martial_arts,tell,117
martial_arts,later,116
martial_arts,however,115
martial_arts,son,114
martial_arts,art,112
martial_arts,defeat,112
martial_arts,time,112
martial_arts,emperor,111
martial_arts,two,110
martial_arts,king,110
martial_arts,li,110
martial_arts,shaolin,109
martial_arts,back,108
martial_arts,return,105
martial_arts,take,105
martial_arts,go,105
martial_arts,help,96
martial_arts,student,94
martial_arts,family,94
martial_arts,life,94
martial_arts,escape,93
martial_arts,fu,91
martial_arts,school,90
martial_arts,get,89
martial_arts,dragon,85
martial_arts,gang,85
martial_arts,men,84
martial_arts,also,82
martial_arts,kung,82
martial_arts,death,81
martial_arts,friend,81
martial_arts,meet,81
martial_arts,cheung,81
martial_arts,temple,79
martial_arts,wukong,79
martial_arts,attack,78
martial_arts,battle,77
martial_arts,brother,76
martial_arts,arrives,75
martial_arts,day,72
martial_arts,end,70
martial_arts,killed,70
martial_arts,wife,70
martial_arts,jackie,70
martial_arts,shen,70
martial_arts,style,68
martial_arts,han,67
martial_arts,assassin,67
martial_arts,new,66
martial_arts,try,66
martial_arts,wei,66
martial_arts,attempt,65
martial_arts,chi,65
martial_arts,tiger,65
martial_arts,order,64
martial_arts,army,64
martial_arts,away,64
martial_arts,give,63
martial_arts,kong,62
martial_arts,force,62
martial_arts,village,62
martial_arts,liu,61
martial_arts,film,60
martial_arts,japanese,60
martial_arts,leave,59
martial_arts,team,59
martial_arts,leaf,59
martial_arts,po,59
martial_arts,make,58
martial_arts,local,58
martial_arts,demon,58
martial_arts,first,56
martial_arts,eventually,56
martial_arts,way,56
martial_arts,sword,56
martial_arts,set,56
martial_arts,zhao,56
martial_arts,head,55
martial_arts,come,55
martial_arts,monk,55
martial_arts,soldier,54
martial_arts,’,54
martial_arts,money,53
martial_arts,year,52
martial_arts,meanwhile,52
martial_arts,cheng,52
martial_arts,hong,51
martial_arts,group,51
martial_arts,hand,51
teen,school,219
teen,friend,168
teen,one,132
teen,find,129
teen,tell,129
teen,go,125
teen,day,122
teen,get,112
teen,father,105
teen,back,92
teen,girl,91
teen,time,89
teen,love,87
teen,two,86
teen,home,83
teen,make,82
teen,take,82
teen,also,81
teen,mary,79
teen,mother,79
teen,help,75
teen,try,66
teen,top,66
teen,new,65
teen,child,65
teen,jacob,65
teen,meet,63
teen,come,62
teen,end,62
teen,later,62
teen,kenji,62
teen,house,61
teen,life,61
teen,year,61
teen,give,59
teen,high,58
teen,asks,58
teen,town,58
teen,athena,58
teen,parent,57
teen,see,56
teen,away,55
teen,boy,55
teen,student,54
teen,samantha,54
teen,begin,53
teen,however,52
teen,next,52
teen,story,51
teen,club,49
teen,want,48
teen,party,48
teen,family,47
teen,return,47
teen,say,45
teen,become,45
teen,decides,45
teen,fight,45
teen,’,45
teen,way,44
teen,run,44
teen,even,43
teen,night,43
teen,soon,42
teen,named,42
teen,first,42
teen,car,42
teen,call,41
teen,finally,41
teen,together,41
teen,start,41
teen,sam,40
teen,rudolf,40
teen,still,39
teen,dream,38
teen,feeling,37
teen,meanwhile,36
teen,film,36
teen,kenneth,36
teen,college,35
teen,group,35
teen,leave,35
teen,napoleon,35
teen,member,34
teen,turn,34
teen,attempt,34
teen,everyone,34
teen,since,34
teen,george,33
teen,escape,33
teen,prom,33
teen,know,33
teen,another,33
teen,work,32
teen,three,32
teen,like,32
teen,albert,32
teen,carson,32
teen,gottalot,32
teen,leaf,31
social,get,235
social,love,219
social,life,194
social,father,191
social,find,166
social,one,155
social,family,151
social,take,145
social,go,136
social,village,126
social,wife,118
social,meet,115
social,day,113
social,come,113
social,son,113
social,man,108
social,house,107
social,tell,104
social,friend,103
social,try,102
social,home,101
social,return,98
social,mohan,98
social,two,97
social,fall,95
social,mother,95
social,police,93
social,also,91
social,start,90
social,help,89
social,film,89
social,child,88
social,daughter,88
social,time,86
social,married,84
social,make,84
social,girl,82
social,brother,82
social,story,79
social,young,79
social,later,79
social,work,79
social,becomes,77
social,back,76
social,sister,76
social,decides,75
social,marriage,75
social,raj,75
social,money,74
social,end,73
social,however,73
social,india,71
social,ashok,70
social,soon,69
social,husband,68
social,singh,67
social,away,67
social,job,66
social,kumar,66
social,give,66
social,arjun,66
social,way,65
social,year,62
social,leave,62
social,people,62
social,leaf,61
social,’,60
social,school,59
social,asks,58
social,finally,58
social,want,58
social,new,57
social,kill,57
social,even,57
social,marry,57
social,see,57
social,run,54
social,woman,53
social,radha,52
social,ganga,52
social,parent,51
social,doctor,50
social,city,49
social,stay,49
social,munna,48
social,death,47
social,first,47
social,dr,46
social,turn,45
social,poor,45
social,old,45
social,eventually,45
social,couple,44
social,sundar,44
social,another,43
social,boy,43
social,dilip,43
social,refuse,41
social,ram,41
social,next,41
anime,find,200
anime,world,181
anime,one,172
anime,time,161
anime,back,157
anime,take,155
anime,however,150
anime,earth,135
anime,friend,133
anime,two,123
anime,ash,121
anime,tell,120
anime,power,120
anime,group,117
anime,fight,114
anime,go,110
anime,life,109
anime,girl,107
anime,also,105
anime,return,102
anime,day,101
anime,human,99
anime,later,97
anime,year,96
anime,new,95
anime,help,95
anime,begin,94
anime,father,93
anime,attack,91
anime,nobita,90
anime,conan,89
anime,named,88
anime,city,86
anime,meet,84
anime,unit,84
anime,school,83
anime,kill,83
anime,force,83
anime,end,81
anime,make,79
anime,soul,79
anime,away,78
anime,goku,78
anime,save,76
anime,reveals,76
anime,order,75
anime,ship,75
anime,come,75
anime,get,73
anime,try,73
anime,see,72
anime,boy,72
anime,team,71
anime,meanwhile,69
anime,naruto,69
anime,give,68
anime,home,67
anime,dragon,66
anime,doraemon,66
anime,attempt,65
anime,battle,65
anime,robot,65
anime,become,64
anime,death,63
anime,escape,63
anime,another,63
anime,us,63
anime,use,63
anime,stop,63
anime,red,62
anime,first,61
anime,form,61
anime,using,61
anime,appears,60
anime,fall,60
anime,arrives,59
anime,decides,59
anime,defeat,59
anime,king,57
anime,broly,56
anime,next,55
anime,mother,55
anime,man,55
anime,dream,54
anime,people,54
anime,trunk,54
anime,film,53
anime,sword,53
anime,’,52
anime,room,52
anime,asks,52
anime,body,52
anime,called,52
anime,shinji,52
anime,pokémon,52
anime,night,51
anime,arrive,51
anime,attacked,51
anime,war,51
anime,work,51
